category,skills,E
HR,"recruitment, hr policies, onboarding, test cases",7.2
Data Scientist,"python, statistics, sql, ml",7.4
Software Engineer,"react, c++, rest, microservices, python, java",0
Product Manager,"user research, agile, communication, analytics, prioritization, stakeholder, employee relations",2.8
Business Analyst,"reporting, data visualization, excel, sql, requirement gathering",0.7
DevOps Engineer,"monitoring, bash, terraform, aws",7.3
Product Manager,"sql, wireframing, communication, prioritization, analytics, data structures",1.5
Product Manager,"roadmap, pricing, sql",1.8
Data Scientist,"deep learning, numpy, nlp, pandas, scikit-learn, data visualization",6.4
Software Engineer,"docker, nodejs, sql, rest",2.2
Product Manager,"prioritization, pricing, stakeholder, agile, sql, communication",3.2
Software Engineer,"python, microservices, data structures, java, rest, git",4.8
Data Scientist,"tensorflow, nlp, pandas, kubernetes",7
Business Analyst,"powerbi, reporting, data visualization, stakeholder",1.9
UI/UX Designer,"prototyping, adobe xd, usability testing, user research, figma, wireframing",4.1
QA Engineer,"test cases, bug tracking, postman, selenium, manual testing",1.5
Product Manager,"prioritization, agile, analytics, communication, wireframing, user research",4.8
Software Engineer,"git, microservices, sql, react, java, nodejs",7.6
Marketing,"google ads, analytics, seo, figma",3.8
Marketing,"campaign, seo, email marketing, social media, google ads, analytics",3.2
DevOps Engineer,"kubernetes, ci/cd, monitoring, ansible, docker, jenkins, requirement gathering",2.7
Data Scientist,"ml, keras, tensorflow",5.3
Software Engineer,"algorithms, data structures, sql, c++, docker, react",6
Marketing,"email marketing, analytics, campaign, content, social media",3.6
Software Engineer,"nodejs, react, java, algorithms, git, sql, recruitment",6.2
Product Manager,"communication, roadmap, stakeholder, wireframing, sql, pricing, data visualization",6.4
Marketing,"email marketing, analytics, branding, social media",2.4
Software Engineer,"sql, nodejs, c++, data structures, python, java, account management",9
Sales,"account management, closing deals, lead generation, roadmap",3.6
Data Scientist,"ml, statistics, nlp, numpy, python",2.4
Software Engineer,"data structures, python, sql",0.2
Software Engineer,"rest, microservices, java",0.8
Software Engineer,"sql, nodejs, rest, python, algorithms, cold calling",5.9
Software Engineer,"c++, data structures, microservices, git, react",0.4
Software Engineer,"react, rest, sql, microservices, data structures, python",4.6
Marketing,"email marketing, content, branding, google ads",3.6
Business Analyst,"stakeholder, tableau, requirement gathering",2.6
Sales,"crm, salesforce, negotiation, account management, cold calling",4
HR,"employee relations, onboarding, recruitment, hr policies, talent acquisition, interviewing",3.4
UI/UX Designer,"responsive design, figma, wireframing, html, adobe xd, prototyping",5.9
UI/UX Designer,"wireframing, adobe xd, css",5.1
Sales,"lead generation, crm, negotiation, salesforce, account management, r",4.2
QA Engineer,"performance testing, bug tracking, pytest, email marketing",5.6
Software Engineer,"java, sql, git",3.2
UI/UX Designer,"wireframing, css, adobe xd, html, responsive design, usability testing",5.1
UI/UX Designer,"user research, figma, wireframing, usability testing, html",2
Business Analyst,"excel, tableau, stakeholder, reporting, requirement gathering",6.5
DevOps Engineer,"jenkins, bash, ci/cd",1.7
QA Engineer,"automation, postman, bug tracking, selenium",3.4
Marketing,"analytics, branding, google ads, content, social media, python",1
Product Manager,"pricing, prioritization, communication, agile, analytics, user research",4.6
UI/UX Designer,"user research, wireframing, html, responsive design, prototyping, css",6.5
UI/UX Designer,"prototyping, responsive design, wireframing, user research, html, adobe xd",3.4
QA Engineer,"pytest, performance testing, selenium",0
Marketing,"analytics, seo, email marketing, google ads, deep learning",0
Software Engineer,"python, docker, microservices, nodejs, recruitment",2.7
QA Engineer,"performance testing, test cases, selenium, pytest, automation",5.3
Sales,"salesforce, negotiation, lead generation, crm",2.3
Product Manager,"agile, stakeholder, communication, pricing, prioritization",0
UI/UX Designer,"figma, adobe xd, wireframing, user research, html, responsive design",2.2
Marketing,"google ads, content, social media, email marketing, campaign",5.7
QA Engineer,"postman, test cases, performance testing, manual testing, pytest",6.1
Product Manager,"communication, pricing, analytics",6.1
Sales,"lead generation, negotiation, crm, salesforce, closing deals, account management, recruitment",13.1
Software Engineer,"react, rest, data structures",5.7
HR,"payroll, interviewing, talent acquisition, onboarding",0.7
HR,"talent acquisition, onboarding, interviewing, employee relations",4.9
Software Engineer,"python, rest, c++",5.4
Product Manager,"stakeholder, analytics, communication, pricing",5.6
Business Analyst,"reporting, sql, powerbi",7.1
UI/UX Designer,"adobe xd, figma, responsive design, wireframing",3.9
HR,"interviewing, onboarding, hr policies, payroll, recruitment, user research",1.6
DevOps Engineer,"terraform, bash, monitoring",4.7
UI/UX Designer,"responsive design, html, user research, adobe xd, usability testing",0.3
Sales,"cold calling, account management, crm, closing deals, salesforce, negotiation, kubernetes",2
Business Analyst,"sql, reporting, powerbi, stakeholder, tableau, excel",1.9
Product Manager,"wireframing, analytics, roadmap, sql",3.7
Product Manager,"stakeholder, user research, agile, pricing, prioritization",5.1
Data Scientist,"scikit-learn, keras, tensorflow, deep learning, pandas, r, closing deals",1.9
DevOps Engineer,"docker, terraform, monitoring, aws, data visualization",2.7
HR,"recruitment, hr policies, interviewing, employee relations, payroll, talent acquisition",10.1
Sales,"closing deals, account management, cold calling, salesforce, negotiation",3.3
Business Analyst,"excel, sql, data visualization",4.7
Product Manager,"sql, wireframing, user research, analytics, agile, pricing",7.5
Marketing,"seo, content, email marketing",4.3
Sales,"salesforce, lead generation, crm",4.4
Software Engineer,"algorithms, nodejs, rest, sql, data structures, microservices, seo",2.8
Product Manager,"agile, analytics, communication",4.4
QA Engineer,"selenium, performance testing, manual testing",6.1
Product Manager,"agile, prioritization, stakeholder, roadmap, analytics, pricing",6.9
Product Manager,"agile, user research, pricing, communication, wireframing, analytics",0
UI/UX Designer,"responsive design, html, adobe xd",5.9
Sales,"salesforce, lead generation, closing deals, crm, account management, sql",1.8
QA Engineer,"automation, postman, selenium, pytest, test cases",2.3
Data Scientist,"r, keras, tensorflow, numpy, interviewing",5.9
Product Manager,"wireframing, prioritization, pricing, stakeholder, agile, roadmap",9.4
DevOps Engineer,"bash, ansible, terraform, kubernetes, jenkins",7.9
DevOps Engineer,"terraform, linux, ci/cd",2.9
Marketing,"branding, analytics, google ads",0.5
Software Engineer,"data structures, python, microservices",9.2
Marketing,"analytics, google ads, seo, social media, onboarding",3.8
Business Analyst,"requirement gathering, reporting, stakeholder, sql, data visualization, excel",7.2
Software Engineer,"sql, microservices, react, data structures, bug tracking",1.4
Marketing,"seo, campaign, analytics, content",6.7
Software Engineer,"python, docker, c++, nodejs, cold calling",0
Business Analyst,"excel, reporting, powerbi, data visualization",2.9
Sales,"negotiation, salesforce, closing deals",4.3
QA Engineer,"automation, postman, performance testing, selenium, manual testing, bug tracking",4.6
Software Engineer,"python, algorithms, microservices, git",3.8
Business Analyst,"sql, powerbi, data visualization, excel, salesforce",4
QA Engineer,"performance testing, postman, automation, bug tracking, pytest",4.1
Business Analyst,"stakeholder, data visualization, tableau",2.6
HR,"employee relations, recruitment, interviewing",0.4
UI/UX Designer,"figma, css, adobe xd, usability testing, responsive design, user research",4.2
Software Engineer,"sql, algorithms, microservices, python, docker, c++",7.2
QA Engineer,"manual testing, automation, test cases",2.8
QA Engineer,"selenium, automation, manual testing, postman, performance testing, stakeholder",2.9
Data Scientist,"keras, ml, deep learning, tensorflow",0
UI/UX Designer,"figma, user research, adobe xd, css, lead generation",1.9
HR,"onboarding, hr policies, recruitment",6.4
HR,"recruitment, interviewing, employee relations, payroll",9.3
HR,"talent acquisition, interviewing, employee relations, payroll, onboarding, pytest",10.5
Product Manager,"agile, stakeholder, communication, sql",5.7
HR,"employee relations, onboarding, payroll, interviewing, talent acquisition, hr policies",1.3
Software Engineer,"nodejs, data structures, python, algorithms",5.1
DevOps Engineer,"aws, docker, linux",3.2
HR,"onboarding, interviewing, payroll, hr policies, employee relations, recruitment",14.1
Software Engineer,"nodejs, data structures, microservices, java, docker",6.5
HR,"interviewing, onboarding, talent acquisition, recruitment",6.3
QA Engineer,"selenium, test cases, automation",5.8
Marketing,"email marketing, analytics, campaign",4.4
DevOps Engineer,"monitoring, ci/cd, aws, terraform, docker",2.9
HR,"onboarding, talent acquisition, employee relations, hr policies, ci/cd",0
DevOps Engineer,"linux, bash, kubernetes, aws",3.7
Sales,"closing deals, salesforce, cold calling, negotiation, account management",1.2
DevOps Engineer,"docker, monitoring, jenkins, terraform, bash",7.3
Business Analyst,"tableau, sql, data visualization, stakeholder, powerbi, reporting, social media",5.5
Product Manager,"sql, pricing, communication, roadmap, agile, user research, figma",6.8
Marketing,"analytics, email marketing, branding, google ads, content, seo, reporting",3.8
Marketing,"email marketing, analytics, seo",3.4
UI/UX Designer,"figma, usability testing, html, selenium",0
DevOps Engineer,"jenkins, ansible, docker, linux",2.5
Marketing,"google ads, analytics, campaign, branding, seo, social media, interviewing",0
DevOps Engineer,"jenkins, kubernetes, linux, terraform",6.5
Software Engineer,"nodejs, microservices, data structures, docker, rest",8
Business Analyst,"data visualization, stakeholder, sql, tableau, requirement gathering, reporting, react",3.3
Marketing,"content, google ads, seo, email marketing",3
HR,"onboarding, recruitment, hr policies, employee relations",0.2
QA Engineer,"automation, bug tracking, pytest, performance testing, test cases, manual testing, linux",9.2
Business Analyst,"stakeholder, sql, tableau, hr policies",5
Business Analyst,"data visualization, powerbi, requirement gathering, stakeholder, excel, email marketing",0
Data Scientist,"keras, statistics, python, sql, r",0.9
Sales,"negotiation, account management, crm, lead generation, cold calling, closing deals, sql",0
Marketing,"google ads, campaign, email marketing, linux",0
Sales,"lead generation, salesforce, cold calling, crm",5.7
Data Scientist,"ml, tensorflow, numpy, statistics, data visualization",2.4
HR,"payroll, onboarding, employee relations, hr policies, recruitment, interviewing, seo",4.2
DevOps Engineer,"ansible, aws, kubernetes, docker",0.7
Marketing,"branding, analytics, email marketing, content, google ads",2.3
Product Manager,"agile, analytics, prioritization, roadmap, pricing, sql",6.5
Marketing,"email marketing, google ads, content, seo, branding",2.2
Business Analyst,"excel, reporting, stakeholder, powerbi, data visualization, tableau",7.9
Data Scientist,"pandas, numpy, python, keras, employee relations",6.6
HR,"payroll, hr policies, recruitment, employee relations, talent acquisition",12.4
HR,"recruitment, payroll, onboarding",3.4
Product Manager,"roadmap, user research, stakeholder, communication, sql",0
Sales,"lead generation, negotiation, account management, salesforce, cold calling, crm",5.5
Marketing,"analytics, branding, social media",4.6
Data Scientist,"numpy, pandas, statistics, nlp, r, sql, campaign",8.4
Sales,"closing deals, lead generation, salesforce",3
DevOps Engineer,"docker, terraform, ci/cd, bash, aws, cold calling",9.1
Business Analyst,"powerbi, reporting, requirement gathering, stakeholder, sql, data visualization",6.3
Data Scientist,"scikit-learn, statistics, sql",0
UI/UX Designer,"figma, adobe xd, user research, html, prototyping, selenium",3.6
Marketing,"social media, branding, google ads, content, seo, campaign",1.9
QA Engineer,"performance testing, test cases, automation",4.5
Sales,"salesforce, cold calling, negotiation, account management, lead generation, crm",0
Sales,"closing deals, salesforce, lead generation, crm, negotiation, cold calling",5.4
QA Engineer,"test cases, postman, manual testing, account management",3.7
Sales,"closing deals, negotiation, account management, cold calling, salesforce",7.9
Data Scientist,"pandas, deep learning, python, tensorflow",9.1
DevOps Engineer,"kubernetes, linux, docker, aws, terraform, ci/cd",8.2
Product Manager,"analytics, wireframing, user research",5.1
Business Analyst,"excel, reporting, stakeholder, sql, powerbi, requirement gathering",0
UI/UX Designer,"usability testing, wireframing, figma, responsive design",4.7
UI/UX Designer,"html, user research, figma",2.7
UI/UX Designer,"wireframing, usability testing, figma, python",1
Software Engineer,"c++, git, algorithms, sql, docker, data structures",3.3
DevOps Engineer,"terraform, bash, monitoring, jenkins, ansible, docker",6.5
Marketing,"social media, content, branding",0
HR,"recruitment, interviewing, employee relations",4.8
Marketing,"content, email marketing, branding, analytics",2.8
DevOps Engineer,"ci/cd, monitoring, ansible, automation",4.5
Marketing,"branding, seo, analytics, social media",0.6
UI/UX Designer,"usability testing, adobe xd, wireframing, nodejs",5.1
Product Manager,"stakeholder, roadmap, user research, analytics, wireframing",4.9
HR,"recruitment, onboarding, payroll, employee relations",5.3
Product Manager,"sql, roadmap, stakeholder, communication, pricing, prioritization",6
Marketing,"social media, google ads, email marketing, content, analytics",0.7
HR,"hr policies, talent acquisition, recruitment",5.4
Sales,"lead generation, salesforce, cold calling",2.8
Marketing,"email marketing, content, campaign, social media",3.6
QA Engineer,"bug tracking, selenium, test cases, manual testing",2.7
Sales,"lead generation, closing deals, salesforce, account management",2.4
Software Engineer,"sql, docker, java, react, git, content",9.2
Product Manager,"user research, communication, analytics",3.7
QA Engineer,"performance testing, manual testing, postman, bug tracking, data structures",4.5
Software Engineer,"microservices, react, c++, nodejs, python, git",3.2
UI/UX Designer,"figma, adobe xd, usability testing",4.8
HR,"recruitment, employee relations, interviewing",3.2
Data Scientist,"pandas, keras, numpy, statistics",8.6
QA Engineer,"selenium, performance testing, pytest, postman, test cases",6.8
Sales,"closing deals, account management, crm, negotiation, salesforce, cold calling",0
HR,"onboarding, hr policies, interviewing, ml",2.9
Sales,"negotiation, account management, closing deals, statistics",3.6
DevOps Engineer,"monitoring, aws, bash, linux",1.8
HR,"interviewing, employee relations, talent acquisition, hr policies, onboarding, email marketing",2.1
QA Engineer,"bug tracking, manual testing, pytest, postman, automation, performance testing",4.5
Sales,"account management, lead generation, negotiation, figma",5.4
Business Analyst,"stakeholder, sql, powerbi",0
Business Analyst,"reporting, excel, powerbi, tableau, data visualization, sql, closing deals",3.8
HR,"talent acquisition, payroll, onboarding, account management",9.1
QA Engineer,"manual testing, selenium, test cases",0
Data Scientist,"r, deep learning, tensorflow, scikit-learn",0
Product Manager,"pricing, roadmap, wireframing, prioritization, user research",4
Sales,"salesforce, closing deals, cold calling, account management, figma",5.1
QA Engineer,"test cases, automation, performance testing, bug tracking, pytest",0
HR,"interviewing, payroll, onboarding, talent acquisition",6.2
Marketing,"social media, google ads, branding, seo, campaign, user research",4
Data Scientist,"tensorflow, r, deep learning, nlp, python, keras",1.9
Sales,"account management, negotiation, closing deals, cold calling",2.3
Marketing,"email marketing, google ads, analytics, seo, performance testing",1
Product Manager,"communication, pricing, agile, sql, roadmap, user research",1.6
QA Engineer,"test cases, pytest, automation",0
Data Scientist,"sql, keras, nlp",1.3
Product Manager,"roadmap, analytics, wireframing, communication, user research, pricing",10.1
Product Manager,"communication, user research, stakeholder, sql, analytics, lead generation",5.1
Product Manager,"agile, sql, communication, analytics, prioritization, stakeholder",6.6
QA Engineer,"bug tracking, manual testing, selenium, employee relations",4
HR,"employee relations, interviewing, onboarding",2.3
Product Manager,"agile, wireframing, pricing, stakeholder, sql, roadmap, sql",9.1
HR,"interviewing, payroll, recruitment, onboarding",0
Product Manager,"sql, agile, user research",2.8
HR,"interviewing, onboarding, employee relations, hr policies, payroll, seo",5.1
QA Engineer,"bug tracking, selenium, pytest, manual testing",6.7
Sales,"account management, lead generation, cold calling, salesforce, crm, negotiation",3.3
Sales,"crm, account management, lead generation, cold calling, salesforce, docker",0.5
HR,"employee relations, payroll, interviewing, hr policies, onboarding",3.8
UI/UX Designer,"figma, usability testing, user research",1.5
Business Analyst,"requirement gathering, reporting, sql, stakeholder, tableau, automation",3.1
Software Engineer,"rest, c++, nodejs, java",8.9
Product Manager,"wireframing, sql, analytics",0
DevOps Engineer,"monitoring, docker, linux, jenkins",0
HR,"employee relations, talent acquisition, hr policies, wireframing",10.5
Software Engineer,"data structures, react, java, nodejs",4.2
QA Engineer,"automation, pytest, performance testing",8.7
UI/UX Designer,"css, usability testing, wireframing, figma",5.4
Marketing,"branding, content, campaign, analytics, social media",5
HR,"onboarding, payroll, recruitment, talent acquisition, interviewing",5.5
Business Analyst,"stakeholder, powerbi, reporting",2.9
QA Engineer,"selenium, postman, automation, bug tracking",1.1
HR,"employee relations, hr policies, payroll, recruitment, talent acquisition",4.1
Sales,"negotiation, lead generation, salesforce, closing deals",4.2
Data Scientist,"statistics, scikit-learn, python, pandas",9.4
Business Analyst,"tableau, reporting, stakeholder, sql",2.8
Sales,"account management, negotiation, closing deals, cold calling",5.1
UI/UX Designer,"adobe xd, wireframing, user research",3.6
Business Analyst,"tableau, requirement gathering, sql, data visualization, c++",1.4
Business Analyst,"tableau, reporting, sql, powerbi, excel",7.3
QA Engineer,"test cases, automation, pytest, postman, performance testing, sql",2
QA Engineer,"manual testing, bug tracking, performance testing, automation, stakeholder",3.5
Product Manager,"communication, roadmap, analytics, prioritization, stakeholder",7.9
QA Engineer,"manual testing, automation, test cases, selenium",4.4
Software Engineer,"react, microservices, data structures, rest, c++, algorithms",0.7
UI/UX Designer,"prototyping, adobe xd, html, responsive design, ansible",4.9
Software Engineer,"react, git, python, microservices",6.1
Data Scientist,"ml, numpy, scikit-learn, deep learning, keras, aws",1.8
Business Analyst,"powerbi, data visualization, stakeholder, sql, requirement gathering",6.9
Software Engineer,"microservices, rest, sql, python",5.6
UI/UX Designer,"usability testing, figma, css",5
Marketing,"content, seo, analytics",1.4
UI/UX Designer,"adobe xd, wireframing, user research, figma, css, html, test cases",5.2
Marketing,"analytics, email marketing, campaign, branding, seo",5.6
Software Engineer,"react, docker, data structures, python",3.9
Marketing,"analytics, campaign, branding, content, seo",6.3
Sales,"salesforce, closing deals, negotiation, crm, account management, cold calling",3.9
HR,"onboarding, payroll, talent acquisition, hr policies",1.7
Software Engineer,"git, python, rest",1.3
DevOps Engineer,"docker, aws, linux",1.3
Sales,"account management, lead generation, crm, salesforce, cold calling",2.9
HR,"talent acquisition, payroll, hr policies, recruitment, interviewing, employee relations",0
Marketing,"campaign, email marketing, google ads",3.4
DevOps Engineer,"ansible, ci/cd, docker, linux, jenkins, monitoring",10.2
HR,"interviewing, onboarding, hr policies",4.6
HR,"talent acquisition, recruitment, employee relations",4.6
DevOps Engineer,"ci/cd, docker, linux, data visualization",2.9
Data Scientist,"tensorflow, sql, r, deep learning, pandas",3
Data Scientist,"sql, tensorflow, deep learning, numpy, reporting",7.7
Software Engineer,"c++, docker, rest, microservices",6.8
DevOps Engineer,"docker, aws, terraform, jenkins, kubernetes",2.4
Marketing,"branding, email marketing, campaign, google ads, social media, pytest",0.7
UI/UX Designer,"prototyping, adobe xd, wireframing, html",4.5
Business Analyst,"reporting, excel, stakeholder, powerbi, data visualization",0
UI/UX Designer,"wireframing, figma, user research, html, usability testing, adobe xd",2.9
Business Analyst,"sql, reporting, stakeholder",3.3
Software Engineer,"sql, algorithms, c++, docker, python, nodejs, content",5.2
HR,"payroll, recruitment, onboarding, employee relations, reporting",8.9
QA Engineer,"performance testing, postman, pytest, test cases, manual testing",4.1
Sales,"lead generation, account management, salesforce, cold calling, crm, talent acquisition",4.6
Data Scientist,"sql, scikit-learn, python, nlp, ml, keras",1.5
Business Analyst,"excel, tableau, stakeholder, reporting, data visualization, sql",6.1
Sales,"crm, closing deals, cold calling, negotiation",5.1
Product Manager,"pricing, wireframing, prioritization",3.3
UI/UX Designer,"responsive design, user research, html, figma",7.9
Product Manager,"agile, roadmap, analytics, crm",3
DevOps Engineer,"jenkins, docker, aws, monitoring, ansible",6
Sales,"negotiation, closing deals, account management, css",1.7
Data Scientist,"scikit-learn, ml, pandas, sql",7.1
DevOps Engineer,"kubernetes, terraform, ansible, linux, monitoring, jenkins",2.9
QA Engineer,"manual testing, pytest, postman, employee relations",5.9
QA Engineer,"automation, postman, bug tracking, manual testing",0
Sales,"cold calling, salesforce, crm, account management, negotiation, lead generation",4.8
UI/UX Designer,"figma, adobe xd, css, user research, usability testing, html",5.4
Software Engineer,"data structures, sql, rest, algorithms, react, nodejs",4.7
Sales,"closing deals, account management, crm",2.9
HR,"hr policies, recruitment, employee relations, talent acquisition, interviewing, tableau",2.6
QA Engineer,"manual testing, test cases, bug tracking, pytest",4.1
Business Analyst,"excel, sql, powerbi",0
UI/UX Designer,"css, wireframing, adobe xd, usability testing, html",3.3
HR,"onboarding, payroll, employee relations, hr policies",6.9
QA Engineer,"manual testing, selenium, bug tracking",0
Business Analyst,"data visualization, requirement gathering, reporting, sql, branding",6.2
Data Scientist,"nlp, r, tensorflow, python",0.5
UI/UX Designer,"figma, html, responsive design, wireframing, user research, social media",6.2
Software Engineer,"data structures, rest, git, communication",6
DevOps Engineer,"kubernetes, docker, jenkins, ci/cd, monitoring",6.5
QA Engineer,"postman, bug tracking, automation, manual testing, selenium, pytest",0.3
QA Engineer,"performance testing, manual testing, selenium, automation, bug tracking, pytest, python",3
UI/UX Designer,"wireframing, usability testing, responsive design",0.1
Marketing,"campaign, email marketing, analytics, seo, branding, google ads",3.3
UI/UX Designer,"user research, responsive design, usability testing, html, wireframing, analytics",4.3
UI/UX Designer,"css, usability testing, user research, prototyping",2.4
Sales,"account management, closing deals, salesforce, negotiation, usability testing",3.3
HR,"talent acquisition, payroll, recruitment",13.8
Product Manager,"roadmap, pricing, prioritization, stakeholder",8
Software Engineer,"c++, java, microservices, algorithms, python",10.7
Business Analyst,"requirement gathering, data visualization, reporting, tableau, stakeholder",6.4
HR,"employee relations, hr policies, interviewing, onboarding, payroll",10.1
UI/UX Designer,"responsive design, figma, user research, adobe xd, css, payroll",3.7
Marketing,"email marketing, content, social media, seo, google ads, analytics",2.1
Marketing,"google ads, seo, analytics, email marketing, content, branding",1.4
DevOps Engineer,"jenkins, monitoring, bash, terraform",1.6
Marketing,"social media, branding, analytics",5.1
Sales,"crm, closing deals, salesforce",1.9
DevOps Engineer,"docker, terraform, linux",3
Business Analyst,"data visualization, stakeholder, tableau, powerbi",3.7
Data Scientist,"tensorflow, nlp, statistics, numpy, r, pandas",2
DevOps Engineer,"monitoring, ansible, linux",6.4
Software Engineer,"rest, python, docker",8
Marketing,"google ads, seo, branding, content, analytics, email marketing",4.1
HR,"talent acquisition, payroll, recruitment, interviewing, onboarding, employee relations, bash",8.9
Marketing,"social media, google ads, campaign, seo",4.3
Marketing,"email marketing, google ads, social media, analytics, branding, tableau",7.4
HR,"employee relations, payroll, hr policies",4.7
HR,"payroll, hr policies, recruitment, employee relations, onboarding, interviewing",8.9
Product Manager,"pricing, wireframing, sql, stakeholder, roadmap, user research",2.7
QA Engineer,"test cases, performance testing, pytest",5.9
UI/UX Designer,"usability testing, adobe xd, user research, responsive design, stakeholder",0.4
Sales,"closing deals, account management, lead generation, cold calling",5.9
Business Analyst,"excel, tableau, powerbi, sql",1.9
QA Engineer,"automation, postman, selenium, test cases, performance testing",1.6
Product Manager,"communication, sql, roadmap, prioritization, campaign",6.3
Product Manager,"wireframing, agile, analytics, bash",5.2
Marketing,"seo, content, email marketing",4.4
QA Engineer,"automation, manual testing, bug tracking, performance testing",7.4
Data Scientist,"python, keras, pandas",2.3
Data Scientist,"statistics, deep learning, numpy, python, keras, sql",13.7
UI/UX Designer,"html, prototyping, css, adobe xd, wireframing, responsive design",7.4
Marketing,"google ads, content, campaign, branding, email marketing",2.7
Business Analyst,"requirement gathering, excel, powerbi, sql, data visualization, jenkins",4
Marketing,"seo, email marketing, branding, google ads, campaign",1.8
Sales,"cold calling, crm, lead generation, account management, negotiation",5.5
Sales,"account management, cold calling, lead generation, salesforce, closing deals",4.2
HR,"hr policies, talent acquisition, employee relations, onboarding, interviewing, recruitment",13.6
Sales,"closing deals, lead generation, account management, salesforce, crm",9.3
DevOps Engineer,"docker, kubernetes, jenkins, monitoring, numpy",2.4
Sales,"negotiation, salesforce, account management, closing deals, branding",5.8
Product Manager,"pricing, stakeholder, analytics, wireframing",1.3
DevOps Engineer,"kubernetes, docker, ci/cd, jenkins, linux, ansible",5.1
Business Analyst,"data visualization, stakeholder, sql, tableau",5.1
Product Manager,"sql, prioritization, agile, analytics, communication, pricing, microservices",6.6
UI/UX Designer,"wireframing, user research, figma",3.9
Product Manager,"prioritization, sql, pricing, user research, roadmap",5.5
Marketing,"branding, seo, analytics, social media, google ads",4.1
Marketing,"email marketing, campaign, analytics",5.6
DevOps Engineer,"monitoring, kubernetes, ansible, terraform, aws",2
DevOps Engineer,"aws, docker, monitoring, bash, requirement gathering",6.4
Business Analyst,"powerbi, excel, stakeholder, data visualization, requirement gathering, sql",0
Data Scientist,"pandas, keras, nlp, python",5.1
Marketing,"content, seo, campaign, powerbi",5.1
Software Engineer,"rest, algorithms, microservices, git",2.9
Sales,"crm, cold calling, salesforce, lead generation, account management, negotiation",5.4
Business Analyst,"stakeholder, sql, powerbi, tableau, excel, salesforce",2.1
Product Manager,"communication, prioritization, agile, sql, tableau",0
Sales,"account management, crm, cold calling, salesforce, lead generation",4.7
Marketing,"content, google ads, analytics",5
UI/UX Designer,"responsive design, figma, html, css, prototyping",2.1
DevOps Engineer,"bash, docker, linux, ansible, automation",5.7
DevOps Engineer,"docker, ci/cd, monitoring, aws",3.3
UI/UX Designer,"css, html, usability testing, adobe xd, figma, responsive design",1.3
Business Analyst,"sql, data visualization, powerbi, stakeholder",4.8
QA Engineer,"postman, manual testing, automation, pytest",6.2
Marketing,"analytics, content, google ads, social media, campaign, branding",0.2
UI/UX Designer,"usability testing, css, responsive design",2.9
UI/UX Designer,"usability testing, html, user research, figma",5.7
Marketing,"email marketing, content, campaign, branding",4
Product Manager,"agile, user research, communication, pricing, analytics, talent acquisition",2.9
Business Analyst,"reporting, stakeholder, sql, data visualization, numpy",1
Sales,"closing deals, lead generation, cold calling",3.7
Sales,"salesforce, negotiation, closing deals, crm, lead generation, branding",1.2
Product Manager,"prioritization, agile, sql, stakeholder",1.8
UI/UX Designer,"prototyping, adobe xd, css, html, pytest",6.3
HR,"interviewing, hr policies, talent acquisition",5.8
Sales,"salesforce, crm, negotiation, account management, lead generation, closing deals, content",0
Product Manager,"communication, agile, stakeholder",6.7
QA Engineer,"test cases, performance testing, selenium, postman, manual testing, recruitment",3.5
Marketing,"email marketing, google ads, content, seo, branding, campaign",2.2
Product Manager,"wireframing, communication, agile, user research",3.9
Product Manager,"roadmap, prioritization, agile, analytics",0.6
HR,"onboarding, talent acquisition, payroll, employee relations, recruitment, hr policies",9.7
Sales,"account management, cold calling, lead generation, closing deals, negotiation, crm",0
HR,"hr policies, payroll, interviewing, onboarding, recruitment, employee relations",7.1
QA Engineer,"postman, test cases, manual testing, selenium, performance testing, automation",3.5
Marketing,"content, email marketing, analytics, branding",3.2
Data Scientist,"keras, ml, numpy",4.7
Business Analyst,"excel, tableau, sql, reporting, powerbi, data visualization",4.1
Sales,"account management, negotiation, salesforce, stakeholder",0.8
UI/UX Designer,"wireframing, prototyping, adobe xd, usability testing",3.7
Marketing,"branding, social media, seo, email marketing, jenkins",2.2
Marketing,"social media, email marketing, seo, google ads, campaign",3.8
QA Engineer,"test cases, bug tracking, manual testing, postman, pytest, automation",0
Data Scientist,"nlp, deep learning, tensorflow, keras",5.5
Business Analyst,"powerbi, tableau, sql, requirement gathering",3.8
DevOps Engineer,"linux, ci/cd, docker, kubernetes, bash, jenkins",1.2
Data Scientist,"statistics, deep learning, keras, figma",2.1
Business Analyst,"stakeholder, requirement gathering, sql",5.1
UI/UX Designer,"html, user research, prototyping, wireframing, css",2.4
UI/UX Designer,"prototyping, html, user research, terraform",3.5
Product Manager,"prioritization, agile, user research",4.8
DevOps Engineer,"bash, ci/cd, aws, terraform",3.4
DevOps Engineer,"monitoring, aws, kubernetes, docker, linux, terraform",5.2
Product Manager,"communication, wireframing, pricing, stakeholder",2.3
DevOps Engineer,"ci/cd, kubernetes, monitoring, ml",10
Sales,"account management, closing deals, crm, salesforce",1.4
Marketing,"campaign, branding, seo, google ads, analytics, email marketing",7.9
HR,"onboarding, interviewing, recruitment, hr policies, employee relations, talent acquisition",1
HR,"onboarding, hr policies, payroll",12.4
Business Analyst,"stakeholder, requirement gathering, excel, sql, powerbi, data visualization",6.2
Business Analyst,"excel, reporting, tableau, sql",1.6
Product Manager,"pricing, stakeholder, prioritization",0
Business Analyst,"powerbi, reporting, sql, data visualization, tableau",0
Software Engineer,"sql, docker, microservices, rest",11.9
Product Manager,"prioritization, analytics, stakeholder, roadmap, pricing, sql",3.2
HR,"recruitment, payroll, onboarding, employee relations",10.3
Sales,"account management, salesforce, closing deals, lead generation, negotiation, cold calling",1.3
Product Manager,"analytics, sql, communication",4
Business Analyst,"tableau, requirement gathering, excel",3
HR,"recruitment, payroll, interviewing, onboarding, scikit-learn",5.5
Sales,"account management, lead generation, cold calling, salesforce",0
Product Manager,"user research, pricing, roadmap, prioritization, onboarding",1.4
QA Engineer,"automation, test cases, manual testing, postman, performance testing, selenium",4.8
Software Engineer,"git, docker, data structures, rest, sql",2.4
Marketing,"google ads, email marketing, social media, branding, seo, analytics",2.1
Marketing,"google ads, seo, analytics, social media, content, branding, usability testing",4.8
DevOps Engineer,"ansible, aws, monitoring, bash, linux, ci/cd",2
HR,"hr policies, interviewing, talent acquisition, onboarding, recruitment",4.1
UI/UX Designer,"html, usability testing, prototyping, css, user research",0.9
Marketing,"content, email marketing, social media, roadmap",0
QA Engineer,"test cases, automation, performance testing, postman, pytest",8.2
Sales,"cold calling, negotiation, closing deals, salesforce, account management, crm",4.3
Sales,"salesforce, negotiation, crm",3.4
UI/UX Designer,"user research, prototyping, figma, usability testing, adobe xd",2.5
QA Engineer,"test cases, manual testing, automation, performance testing, selenium, postman",2.3
Business Analyst,"sql, excel, reporting, stakeholder, requirement gathering",0
Data Scientist,"scikit-learn, ml, numpy",0.9
DevOps Engineer,"bash, linux, terraform, monitoring, docker, interviewing",3.6
Sales,"negotiation, closing deals, cold calling, crm",3.2
Sales,"lead generation, closing deals, salesforce, negotiation, account management, cold calling",5.1
Software Engineer,"sql, algorithms, docker, java, rest, microservices",10.2
Product Manager,"roadmap, wireframing, analytics, agile, campaign",3.9
QA Engineer,"bug tracking, pytest, test cases, automation",2.2
Sales,"crm, account management, lead generation",1.1
QA Engineer,"test cases, automation, performance testing, selenium, postman, manual testing",4.7
Product Manager,"stakeholder, user research, prioritization, wireframing, communication",0.3
Data Scientist,"python, keras, nlp, deep learning, scikit-learn",1.6
Product Manager,"communication, user research, agile, roadmap, prioritization, analytics",3.7
QA Engineer,"automation, manual testing, selenium, performance testing, pytest, react",0.2
Business Analyst,"stakeholder, excel, sql, interviewing",7.4
QA Engineer,"performance testing, test cases, bug tracking, postman, pytest",3.1
Sales,"closing deals, negotiation, crm, lead generation, hr policies",2.3
UI/UX Designer,"user research, prototyping, adobe xd",5.3
DevOps Engineer,"terraform, jenkins, ansible, docker, onboarding",8.9
Product Manager,"pricing, wireframing, stakeholder, analytics, roadmap",3.1
Software Engineer,"nodejs, java, react, user research",5.2
Software Engineer,"nodejs, java, sql, react, algorithms",0.7
Sales,"account management, salesforce, lead generation, cold calling, negotiation",5.1
Marketing,"campaign, seo, google ads",0.4
Software Engineer,"python, c++, nodejs",2.9
Software Engineer,"microservices, docker, java, algorithms",5.5
Sales,"account management, closing deals, lead generation, negotiation, salesforce",0.1
Marketing,"social media, email marketing, google ads, content, seo, branding",1.7
Product Manager,"pricing, prioritization, stakeholder",7.5
Marketing,"google ads, analytics, social media, email marketing, content, campaign",3.1
Marketing,"campaign, branding, seo, google ads, social media, analytics",2.1
QA Engineer,"bug tracking, manual testing, performance testing, selenium, pytest, automation, email marketing",1
Sales,"crm, negotiation, account management, salesforce",1.4
HR,"onboarding, hr policies, payroll, employee relations, interviewing, recruitment",7.7
HR,"interviewing, employee relations, talent acquisition",15.9
Sales,"account management, closing deals, lead generation, crm, cold calling, salesforce, wireframing",3.4
HR,"onboarding, interviewing, recruitment",5.3
QA Engineer,"postman, pytest, test cases, automation",3.5
Software Engineer,"git, react, microservices, algorithms, python, rest",3.7
DevOps Engineer,"ansible, jenkins, terraform, linux",0
Business Analyst,"tableau, stakeholder, data visualization",1.4
Sales,"lead generation, negotiation, cold calling, crm, closing deals, account management",0
Marketing,"campaign, analytics, email marketing, google ads",3.1
Software Engineer,"python, java, microservices, c++, algorithms, nodejs, prioritization",2.2
Data Scientist,"deep learning, nlp, pandas, statistics, sql, numpy, terraform",7.7
UI/UX Designer,"usability testing, css, html, responsive design, prototyping",0
Sales,"account management, salesforce, cold calling, negotiation, crm",2.7
Software Engineer,"git, sql, data structures, docker, python, user research",5.7
Sales,"salesforce, crm, negotiation, account management, lead generation, closing deals, bug tracking",4.4
QA Engineer,"selenium, pytest, postman, automation, bug tracking",8.2
HR,"talent acquisition, payroll, recruitment",13.5
DevOps Engineer,"aws, monitoring, ansible, kubernetes, ci/cd, bash",5
Business Analyst,"reporting, excel, powerbi, analytics",7.3
Product Manager,"wireframing, pricing, communication",5.2
Sales,"account management, cold calling, salesforce",5.6
Sales,"account management, cold calling, closing deals, lead generation",4
Product Manager,"pricing, roadmap, stakeholder, prioritization, sql, agile",5.6
Software Engineer,"microservices, nodejs, react, java, data structures, docker",2
Product Manager,"roadmap, prioritization, wireframing, sql, analytics, stakeholder",0.2
QA Engineer,"automation, selenium, performance testing, test cases, postman, responsive design",0
Product Manager,"roadmap, prioritization, sql, pricing, stakeholder",1.3
HR,"recruitment, hr policies, talent acquisition",0.3
QA Engineer,"selenium, automation, postman, performance testing, pytest, bug tracking",3.3
Marketing,"email marketing, google ads, branding, postman",2.9
Data Scientist,"pandas, scikit-learn, nlp, keras, numpy, deep learning",8.9
Data Scientist,"sql, nlp, pandas",3.1
Business Analyst,"sql, data visualization, excel, reporting",1
HR,"onboarding, employee relations, talent acquisition, css",4.9
Data Scientist,"numpy, statistics, r, python, scikit-learn, sql",8.6
Sales,"crm, lead generation, negotiation, account management",5
Software Engineer,"react, rest, docker, sql, nodejs",3.6
Sales,"account management, salesforce, cold calling",8
Product Manager,"stakeholder, user research, sql",5.2
DevOps Engineer,"linux, aws, terraform, ansible, ci/cd, monitoring",2.2
Product Manager,"sql, prioritization, user research, analytics, pricing, agile",3.2
QA Engineer,"postman, automation, manual testing, selenium",2.3
Product Manager,"communication, pricing, prioritization, sql",3.9
QA Engineer,"automation, bug tracking, postman, pytest",4.5
Software Engineer,"python, data structures, docker, java, c++, git",6.2
UI/UX Designer,"css, wireframing, adobe xd, html, responsive design, prototyping",3.4
Sales,"lead generation, crm, salesforce, closing deals",4.1
UI/UX Designer,"adobe xd, html, prototyping, wireframing, responsive design",0.9
Marketing,"social media, analytics, seo, google ads",3.3
Business Analyst,"excel, powerbi, sql",1.6
Marketing,"email marketing, content, campaign, social media",3.4
Sales,"cold calling, lead generation, negotiation, salesforce, account management, closing deals",4.1
Software Engineer,"git, rest, python, java, docker, algorithms",2.5
Marketing,"campaign, seo, google ads, social media, content, analytics",4.2
QA Engineer,"postman, pytest, bug tracking, automation, performance testing, manual testing, sql",5
Sales,"closing deals, negotiation, account management, crm, cold calling, lead generation, algorithms",5.6
Software Engineer,"java, microservices, git, nodejs, algorithms, python",5.5
Sales,"negotiation, closing deals, crm, account management, talent acquisition",3.1
Software Engineer,"microservices, sql, docker, data structures, react, java, campaign",5.6
HR,"onboarding, interviewing, payroll",0
HR,"interviewing, payroll, talent acquisition, employee relations",3.9
Data Scientist,"python, keras, deep learning, tensorflow",8.2
DevOps Engineer,"aws, linux, docker, kubernetes",3
QA Engineer,"pytest, test cases, automation",3.7
DevOps Engineer,"ci/cd, kubernetes, bash",0.3
Software Engineer,"sql, git, rest, nodejs, algorithms, java, roadmap",1.8
Sales,"account management, cold calling, salesforce, negotiation, lead generation",4.6
Product Manager,"communication, roadmap, prioritization, analytics, sql, react",8.3
Software Engineer,"react, git, docker, microservices",4.1
DevOps Engineer,"ci/cd, ansible, jenkins, monitoring, bash, kubernetes",3.3
Sales,"negotiation, salesforce, lead generation, cold calling, closing deals, account management",1.5
Marketing,"content, campaign, branding",0.2
HR,"employee relations, onboarding, talent acquisition, recruitment, hr policies, interviewing, cold calling",8.3
Marketing,"analytics, email marketing, content, social media, campaign, seo",2.7
Software Engineer,"nodejs, python, data structures, c++, react, java",3.2
Business Analyst,"sql, requirement gathering, stakeholder, powerbi, reporting",7.3
Business Analyst,"powerbi, sql, stakeholder, requirement gathering",1.1
QA Engineer,"automation, pytest, selenium",2.1
Product Manager,"roadmap, pricing, prioritization",5.4
Sales,"lead generation, account management, closing deals",5
Data Scientist,"scikit-learn, statistics, python, numpy, pandas",7.1
Business Analyst,"requirement gathering, reporting, sql, stakeholder, powerbi",2.6
QA Engineer,"bug tracking, automation, test cases, performance testing, pytest",3.6
Software Engineer,"algorithms, react, nodejs, git, python",5.4
Business Analyst,"reporting, powerbi, tableau",2.1
Sales,"account management, salesforce, crm, lead generation, negotiation",1.5
Software Engineer,"nodejs, rest, java, microservices, algorithms, sql",3
Business Analyst,"requirement gathering, tableau, stakeholder, data visualization",3.4
Marketing,"campaign, content, seo, analytics, social media, data visualization",3.3
Sales,"lead generation, crm, account management, cold calling",2.4
Software Engineer,"react, java, data structures, microservices, docker, algorithms, tableau",5.4
HR,"interviewing, talent acquisition, recruitment",5.4
Marketing,"campaign, content, analytics",1.6
Business Analyst,"stakeholder, requirement gathering, data visualization, powerbi, excel, tableau",5.1
QA Engineer,"performance testing, postman, selenium, docker",2.1
Product Manager,"communication, pricing, user research",6.6
DevOps Engineer,"terraform, bash, aws, ci/cd",2.9
Sales,"crm, negotiation, account management",5.4
Business Analyst,"requirement gathering, powerbi, excel",5.3
UI/UX Designer,"responsive design, usability testing, prototyping, adobe xd, wireframing",5.4
HR,"employee relations, recruitment, payroll, hr policies, talent acquisition, onboarding",1.1
Product Manager,"prioritization, user research, roadmap, wireframing, analytics, git",4.5
HR,"talent acquisition, recruitment, hr policies, interviewing, employee relations, payroll",2.1
Product Manager,"roadmap, stakeholder, pricing, analytics, agile",11
QA Engineer,"performance testing, test cases, automation",4.7
Business Analyst,"sql, data visualization, powerbi, tableau, requirement gathering, excel",2.1
QA Engineer,"manual testing, automation, postman, test cases, pytest, pandas",1.5
UI/UX Designer,"wireframing, css, figma, usability testing, responsive design, adobe xd",1
QA Engineer,"pytest, bug tracking, selenium",3.4
Business Analyst,"data visualization, powerbi, sql, reporting",4.4
UI/UX Designer,"css, prototyping, wireframing, user research",1.8
Business Analyst,"data visualization, tableau, powerbi, excel, reporting",0.3
UI/UX Designer,"responsive design, prototyping, user research",5.4
Business Analyst,"requirement gathering, data visualization, stakeholder, excel, tableau",0.4
DevOps Engineer,"ansible, bash, terraform, monitoring, kubernetes, linux, microservices",4.1
Product Manager,"communication, sql, stakeholder, agile, prioritization",0.8
Product Manager,"user research, roadmap, analytics, sql",3.4
Software Engineer,"docker, microservices, python",5.2
QA Engineer,"manual testing, test cases, automation, pytest, selenium, bug tracking",6.2
Business Analyst,"tableau, powerbi, reporting, requirement gathering, stakeholder, data visualization",0.6
UI/UX Designer,"figma, responsive design, usability testing",3.3
Marketing,"seo, content, campaign, social media, email marketing, google ads",0
Marketing,"analytics, branding, content, google ads, seo, email marketing, css",4.4
Software Engineer,"rest, java, microservices, data structures",6.6
DevOps Engineer,"aws, kubernetes, linux, lead generation",6.5
Product Manager,"sql, agile, stakeholder, roadmap, user research",0
Data Scientist,"nlp, statistics, sql",8.8
HR,"recruitment, onboarding, payroll",13.6
UI/UX Designer,"css, html, usability testing, figma, responsive design, cold calling",2.1
UI/UX Designer,"adobe xd, usability testing, responsive design, user research, email marketing",8
Data Scientist,"keras, nlp, python",2.6
Business Analyst,"reporting, data visualization, stakeholder",0
Marketing,"email marketing, content, google ads, social media, branding",5.2
Business Analyst,"sql, excel, stakeholder, data visualization",3.9
Marketing,"branding, analytics, content",7.1
Sales,"account management, cold calling, negotiation, lead generation, closing deals",2
HR,"employee relations, payroll, recruitment, talent acquisition, hr policies",7.3
Business Analyst,"powerbi, tableau, sql, stakeholder, prototyping",0
Business Analyst,"sql, reporting, stakeholder, powerbi, tableau",0.1
HR,"payroll, onboarding, talent acquisition, hr policies, employee relations, interviewing, numpy",9.6
HR,"recruitment, onboarding, hr policies, talent acquisition, payroll, employee relations",4.8
Business Analyst,"sql, powerbi, reporting",6.4
Software Engineer,"nodejs, git, data structures",6.4
Product Manager,"stakeholder, communication, user research, wireframing, usability testing",2.5
Business Analyst,"data visualization, reporting, tableau, sql, stakeholder, excel",2.2
HR,"payroll, interviewing, employee relations, hr policies, recruitment, onboarding",2.3
UI/UX Designer,"figma, user research, prototyping, responsive design, html",10.1
Data Scientist,"sql, python, numpy, keras, nlp",4.4
Software Engineer,"react, sql, docker, algorithms",4.7
Marketing,"google ads, campaign, branding, content, tableau",5.3
UI/UX Designer,"wireframing, prototyping, adobe xd",1.5
Business Analyst,"tableau, requirement gathering, data visualization, reporting, sql, stakeholder, wireframing",7.9
Software Engineer,"c++, git, microservices",4.7
HR,"interviewing, recruitment, onboarding, payroll, hr policies, talent acquisition",1.3
Sales,"closing deals, crm, cold calling, lead generation, account management, salesforce",2.4
Data Scientist,"statistics, numpy, keras, nlp",5
Sales,"lead generation, salesforce, crm",2.6
Software Engineer,"c++, algorithms, python, microservices, rest, react",6.8
Software Engineer,"python, nodejs, rest, java, c++",6.3
Software Engineer,"c++, algorithms, git, java, react, docker",5.5
UI/UX Designer,"adobe xd, css, figma, wireframing, responsive design",3.6
Marketing,"email marketing, content, seo, branding, terraform",0.8
QA Engineer,"selenium, manual testing, performance testing, pytest",4.8
Product Manager,"stakeholder, user research, pricing, communication, roadmap",5.1
Business Analyst,"sql, data visualization, stakeholder, powerbi, onboarding",4.5
Marketing,"analytics, social media, content, google ads, email marketing",9.9
QA Engineer,"bug tracking, selenium, automation, postman",2.3
Business Analyst,"data visualization, reporting, powerbi, stakeholder, sql, excel",2.3
Marketing,"campaign, content, google ads, social media, email marketing",4
Business Analyst,"excel, data visualization, requirement gathering, tableau, powerbi",1
Product Manager,"wireframing, analytics, stakeholder",7.9
HR,"onboarding, talent acquisition, hr policies, interviewing, payroll, employee relations, usability testing",9.1
QA Engineer,"manual testing, automation, postman, performance testing, pytest",5
DevOps Engineer,"monitoring, docker, ansible, aws, terraform, kubernetes, user research",5.1
Data Scientist,"keras, scikit-learn, pandas, ml",9.5
QA Engineer,"postman, selenium, pytest, automation, test cases",6.9
Data Scientist,"ml, r, keras, statistics, numpy, python",5.7
UI/UX Designer,"css, adobe xd, usability testing, html, wireframing",4.8
UI/UX Designer,"prototyping, css, wireframing, responsive design, html",0
Business Analyst,"data visualization, powerbi, excel, tableau",5.1
UI/UX Designer,"responsive design, wireframing, usability testing",4.3
Software Engineer,"python, algorithms, rest",5.5
DevOps Engineer,"kubernetes, ansible, bash, docker, ci/cd",5.3
HR,"talent acquisition, onboarding, payroll, interviewing, employee relations, hr policies",4.7
HR,"talent acquisition, hr policies, interviewing, employee relations, onboarding, payroll",3.7
UI/UX Designer,"wireframing, css, usability testing, user research, adobe xd, html, employee relations",6.3
Software Engineer,"java, python, rest",4.8
Business Analyst,"stakeholder, sql, reporting, data visualization, tableau, requirement gathering",5
Product Manager,"sql, stakeholder, pricing, wireframing",9.6
HR,"recruitment, onboarding, talent acquisition, negotiation",0
Business Analyst,"excel, requirement gathering, powerbi",0.4
HR,"hr policies, employee relations, payroll, onboarding, talent acquisition, interviewing",6.2
Product Manager,"agile, roadmap, prioritization, user research, communication",10.1
HR,"recruitment, interviewing, employee relations, talent acquisition, onboarding",9.1
QA Engineer,"manual testing, selenium, bug tracking, content",3.1
Software Engineer,"java, c++, data structures, sql, algorithms",2.3
Data Scientist,"ml, deep learning, python, statistics, r, numpy",5.1
Business Analyst,"powerbi, requirement gathering, stakeholder, excel",0.5
HR,"interviewing, employee relations, talent acquisition, recruitment, onboarding",6.9
Sales,"account management, negotiation, crm, cold calling, salesforce, closing deals, requirement gathering",0
Software Engineer,"microservices, algorithms, rest, closing deals",8.1
Sales,"cold calling, closing deals, negotiation, account management, crm",0
Sales,"lead generation, account management, closing deals, negotiation, salesforce, test cases",4
QA Engineer,"manual testing, selenium, performance testing, pytest, test cases, postman",4.9
Software Engineer,"c++, react, algorithms, nodejs, java",5
DevOps Engineer,"linux, jenkins, docker, ci/cd, bash",9
Sales,"salesforce, lead generation, negotiation, cold calling, account management, sql",2.5
Data Scientist,"sql, python, scikit-learn, r, pandas, statistics",7
Product Manager,"communication, analytics, user research",0
UI/UX Designer,"wireframing, css, user research, prototyping, responsive design, html",7
Sales,"cold calling, closing deals, crm",4.7
UI/UX Designer,"responsive design, html, adobe xd, css, user research, usability testing",6.2
HR,"employee relations, hr policies, recruitment, onboarding",0
HR,"payroll, employee relations, interviewing, recruitment, talent acquisition, onboarding",3.1
Marketing,"analytics, email marketing, social media, ansible",1.6
QA Engineer,"bug tracking, manual testing, performance testing, automation, test cases, postman",0
Marketing,"social media, seo, branding, campaign",1.7
Software Engineer,"java, microservices, docker, roadmap",0.4
Product Manager,"prioritization, pricing, sql",5.2
Marketing,"social media, content, branding",2.6
Software Engineer,"c++, algorithms, data structures, microservices, python, sql",3
Business Analyst,"data visualization, sql, reporting, excel, tableau",3.7
DevOps Engineer,"monitoring, kubernetes, linux",4.5
QA Engineer,"test cases, postman, manual testing, hr policies",4.9
Product Manager,"agile, analytics, pricing, prioritization, communication",6.6
Business Analyst,"sql, stakeholder, powerbi, requirement gathering, tableau, excel",4.7
Marketing,"branding, google ads, seo, content",7.4
Business Analyst,"excel, data visualization, reporting, powerbi, tableau",3.7
Software Engineer,"rest, sql, docker, data structures, python, microservices, social media",9.5
Product Manager,"agile, wireframing, roadmap, sql, pricing, user research, performance testing",5.3
QA Engineer,"pytest, test cases, bug tracking",1.1
Business Analyst,"reporting, excel, powerbi, requirement gathering, tableau",4.1
Marketing,"social media, seo, branding",4
DevOps Engineer,"terraform, ci/cd, monitoring",9.3
Product Manager,"user research, stakeholder, roadmap, pricing",4.4
HR,"hr policies, talent acquisition, recruitment, interviewing, onboarding, payroll",2.7
UI/UX Designer,"prototyping, css, responsive design, salesforce",4.4
HR,"recruitment, payroll, onboarding",8.4
HR,"talent acquisition, payroll, employee relations, recruitment",1.7
HR,"hr policies, onboarding, recruitment",0
HR,"talent acquisition, interviewing, employee relations",9.3
Data Scientist,"tensorflow, keras, r",4.4
Data Scientist,"tensorflow, keras, r, performance testing",1.4
Product Manager,"sql, stakeholder, prioritization, pricing, user research, analytics",4.7
Sales,"negotiation, lead generation, account management, cold calling, closing deals, salesforce",6.4
QA Engineer,"performance testing, postman, test cases, automation, manual testing, hr policies",3.6
Data Scientist,"scikit-learn, pandas, python, r, deep learning",10.5
Sales,"cold calling, negotiation, salesforce",0.4
Data Scientist,"nlp, python, pandas, ml, sql",0
QA Engineer,"manual testing, performance testing, bug tracking",5.9
Product Manager,"sql, wireframing, pricing",5.8
QA Engineer,"automation, performance testing, bug tracking, pytest",0.7
HR,"interviewing, payroll, talent acquisition, recruitment, hr policies, onboarding",2.4
QA Engineer,"postman, pytest, performance testing, test cases, automation, selenium, user research",6.2
Sales,"salesforce, crm, cold calling, account management, closing deals",0.7
HR,"hr policies, recruitment, onboarding, reporting",3.8
Data Scientist,"pandas, ml, statistics, numpy",3.8
Software Engineer,"docker, algorithms, python, bug tracking",6.6
Software Engineer,"algorithms, python, c++, data structures",8.1
Business Analyst,"sql, reporting, data visualization, stakeholder",7.7
HR,"onboarding, interviewing, employee relations, payroll, talent acquisition, manual testing",6.3
Software Engineer,"java, microservices, sql, docker, html",5.8
HR,"interviewing, onboarding, talent acquisition, hr policies, employee relations, payroll",7.1
Product Manager,"user research, wireframing, sql",4.1
Marketing,"content, seo, branding, social media, google ads, analytics",3.1
Software Engineer,"java, react, algorithms, social media",9.3
UI/UX Designer,"usability testing, user research, figma",5.7
QA Engineer,"bug tracking, postman, automation, performance testing, selenium, pytest, campaign",1.6
Product Manager,"pricing, sql, roadmap, usability testing",3.1
Business Analyst,"data visualization, excel, sql, powerbi, tableau, stakeholder",7.1
Business Analyst,"tableau, requirement gathering, sql, stakeholder",6.1
DevOps Engineer,"terraform, monitoring, docker, bash",0
HR,"talent acquisition, payroll, employee relations, hr policies, negotiation",0
Data Scientist,"numpy, statistics, r",3
HR,"interviewing, talent acquisition, employee relations, payroll, recruitment, hr policies",0
UI/UX Designer,"usability testing, figma, responsive design",5.7
Product Manager,"analytics, pricing, wireframing, agile, user research, prioritization",9.2
UI/UX Designer,"prototyping, wireframing, figma, responsive design",3.6
Business Analyst,"requirement gathering, stakeholder, excel, data visualization, sql, powerbi",4.1
Business Analyst,"reporting, tableau, data visualization, requirement gathering",2.1
HR,"payroll, hr policies, talent acquisition, onboarding, interviewing",3.2
DevOps Engineer,"kubernetes, monitoring, ci/cd, terraform, bash",3.7
UI/UX Designer,"adobe xd, css, prototyping, html, data visualization",4.2
Business Analyst,"excel, tableau, reporting, powerbi, requirement gathering",2.3
UI/UX Designer,"adobe xd, prototyping, wireframing, responsive design, usability testing",4.6
Product Manager,"pricing, user research, stakeholder, wireframing, agile, prioritization, aws",6.8
Data Scientist,"r, sql, ml, python, keras",7.7
QA Engineer,"bug tracking, manual testing, pytest",2.2
HR,"onboarding, employee relations, talent acquisition, interviewing, payroll, hr policies",7
DevOps Engineer,"terraform, docker, ansible, linux",7.3
Business Analyst,"tableau, reporting, data visualization, sql",5.1
Software Engineer,"java, algorithms, nodejs, c++, microservices, git",2.2
DevOps Engineer,"kubernetes, ci/cd, docker, terraform, linux, bash",0.8
Product Manager,"pricing, agile, roadmap",7
Sales,"cold calling, salesforce, negotiation, user research",1.3
DevOps Engineer,"monitoring, terraform, ansible, kubernetes, linux, docker",12.2
Sales,"lead generation, negotiation, cold calling, salesforce, crm, account management, numpy",5.6
Marketing,"content, campaign, social media, seo",4.7
UI/UX Designer,"wireframing, prototyping, figma, css",9.6
Software Engineer,"docker, rest, algorithms, python",10
DevOps Engineer,"jenkins, terraform, docker",0
Sales,"crm, closing deals, account management, negotiation",0
Marketing,"google ads, email marketing, social media, analytics, pytest",2.7
Sales,"salesforce, negotiation, account management, crm, closing deals",1.5
Software Engineer,"microservices, nodejs, rest",2.6
Sales,"closing deals, salesforce, negotiation, crm, account management",5.6
Product Manager,"agile, stakeholder, sql, wireframing",3.4
Marketing,"content, campaign, seo",8.4
Marketing,"seo, google ads, branding",4.1
Sales,"lead generation, cold calling, account management, closing deals, salesforce",5
DevOps Engineer,"kubernetes, ansible, ci/cd, docker, aws, monitoring",6
Marketing,"campaign, google ads, analytics",0.2
Sales,"cold calling, salesforce, negotiation, account management, crm, closing deals",0.8
Sales,"lead generation, account management, cold calling, crm, salesforce, nodejs",6.9
Sales,"lead generation, crm, closing deals, account management, negotiation, cold calling, pandas",3.4
HR,"talent acquisition, payroll, hr policies, employee relations, data visualization",2.4
Sales,"negotiation, lead generation, crm, closing deals, cold calling, salesforce",2.9
QA Engineer,"manual testing, bug tracking, pytest, test cases, performance testing",2.9
QA Engineer,"automation, postman, pytest, test cases, lead generation",1.9
QA Engineer,"performance testing, test cases, manual testing, pytest, postman",2.9
Marketing,"branding, analytics, campaign, content, seo, google ads",3.3
Business Analyst,"sql, stakeholder, tableau, data visualization, excel",4.2
Software Engineer,"c++, docker, python, selenium",9.5
QA Engineer,"automation, pytest, selenium, test cases, bug tracking, manual testing",4.9
Sales,"account management, salesforce, closing deals, lead generation",3
DevOps Engineer,"ansible, linux, aws",6
Product Manager,"stakeholder, roadmap, wireframing, user research, analytics, agile",4.5
Business Analyst,"stakeholder, sql, tableau, data visualization, requirement gathering, powerbi",2.4
HR,"onboarding, payroll, talent acquisition",6.4
Data Scientist,"statistics, deep learning, pandas",3.8
QA Engineer,"postman, performance testing, bug tracking",0.8
Marketing,"social media, seo, campaign, email marketing, google ads, content",0
Data Scientist,"scikit-learn, statistics, r, pandas, deep learning",7.7
Sales,"crm, closing deals, negotiation, salesforce, lead generation, cold calling",3.5
Business Analyst,"tableau, reporting, powerbi, requirement gathering, stakeholder, prioritization",5.1
Business Analyst,"reporting, stakeholder, data visualization, requirement gathering, powerbi",3
DevOps Engineer,"jenkins, terraform, linux, kubernetes, bash, monitoring",5.6
Data Scientist,"ml, statistics, nlp, numpy, pandas, scikit-learn",1.7
QA Engineer,"pytest, automation, postman",4.4
HR,"onboarding, hr policies, talent acquisition, tensorflow",15.1
QA Engineer,"automation, test cases, postman, selenium, bug tracking",1.7
Business Analyst,"powerbi, data visualization, tableau, requirement gathering, stakeholder, excel, manual testing",5.7
Product Manager,"agile, pricing, stakeholder, user research, prioritization",6.4
Software Engineer,"java, git, microservices, responsive design",11.1
Product Manager,"analytics, agile, prioritization, user research",5.3
Product Manager,"analytics, agile, stakeholder, wireframing",8
Business Analyst,"reporting, tableau, data visualization",0
UI/UX Designer,"responsive design, prototyping, html, powerbi",4.7
Business Analyst,"reporting, data visualization, excel, requirement gathering, user research",4.7
Marketing,"email marketing, branding, seo, campaign",1.3
Data Scientist,"ml, scikit-learn, sql, deep learning, statistics, nlp, selenium",6.9
DevOps Engineer,"aws, docker, bash, kubernetes",1.2
UI/UX Designer,"user research, figma, prototyping, ci/cd",0
HR,"employee relations, hr policies, talent acquisition, payroll, recruitment, onboarding, nlp",4.8
Business Analyst,"tableau, powerbi, stakeholder, requirement gathering, reporting, prototyping",3.7
UI/UX Designer,"usability testing, wireframing, user research, figma, html, adobe xd",2.4
HR,"talent acquisition, interviewing, hr policies, payroll, employee relations",0
HR,"onboarding, interviewing, recruitment, talent acquisition, employee relations, hr policies",8.9
Software Engineer,"python, git, react",5.1
Business Analyst,"powerbi, sql, tableau, requirement gathering, stakeholder, reporting, branding",5.5
Software Engineer,"rest, docker, sql, data structures, python, algorithms, tensorflow",8.8
Software Engineer,"algorithms, python, docker, c++",0
Sales,"salesforce, lead generation, account management",8.2
Sales,"cold calling, salesforce, closing deals, lead generation, negotiation",5.3
UI/UX Designer,"responsive design, usability testing, prototyping, css, adobe xd, wireframing",3.7
HR,"recruitment, hr policies, employee relations",1.8
UI/UX Designer,"css, figma, responsive design, wireframing, usability testing, html",3.3
QA Engineer,"automation, selenium, performance testing, bug tracking, postman, manual testing, content",3.3
DevOps Engineer,"ansible, terraform, monitoring",2.2
Marketing,"google ads, seo, campaign, analytics, email marketing, branding",4
Software Engineer,"sql, algorithms, react, docker, data structures",2.5
QA Engineer,"manual testing, bug tracking, test cases, postman",3.5
DevOps Engineer,"monitoring, terraform, jenkins, aws, docker",3.5
Data Scientist,"statistics, deep learning, r",2.7
UI/UX Designer,"prototyping, responsive design, html, adobe xd, figma, usability testing",3.4
UI/UX Designer,"css, wireframing, prototyping, responsive design, user research",3.9
DevOps Engineer,"docker, aws, terraform, kubernetes",2.4
Data Scientist,"scikit-learn, sql, ml, python, keras",7.6
Business Analyst,"reporting, stakeholder, excel, sql, powerbi",5.8
Software Engineer,"nodejs, react, python, docker",4.6
Sales,"account management, negotiation, closing deals, cold calling, salesforce",3.6
Sales,"cold calling, salesforce, account management, crm, closing deals, negotiation, nlp",1.5
Software Engineer,"rest, python, algorithms, data structures, git, react",9.9
DevOps Engineer,"linux, terraform, kubernetes, nodejs",0
UI/UX Designer,"adobe xd, usability testing, wireframing",7.4
Data Scientist,"statistics, sql, scikit-learn",4.9
HR,"employee relations, hr policies, talent acquisition, payroll",7.2
Sales,"account management, cold calling, salesforce, negotiation, crm",5.5
UI/UX Designer,"html, responsive design, css, usability testing, figma, prototyping, aws",2.5
Software Engineer,"c++, microservices, sql, hr policies",2.2
Business Analyst,"stakeholder, powerbi, requirement gathering, tableau, excel, numpy",2
Data Scientist,"tensorflow, statistics, ml",2.4
Sales,"negotiation, salesforce, lead generation, account management, cold calling",4.9
UI/UX Designer,"wireframing, figma, prototyping, usability testing, recruitment",7
QA Engineer,"performance testing, manual testing, postman, pytest, bug tracking, automation",2.1
DevOps Engineer,"terraform, linux, kubernetes, ansible, bash",5.7
HR,"employee relations, interviewing, payroll, recruitment, talent acquisition, hr policies",3.4
Data Scientist,"scikit-learn, python, statistics, tensorflow, ml",2.8
Software Engineer,"java, data structures, c++, git, react, rest",4.1
Business Analyst,"tableau, reporting, requirement gathering, stakeholder, figma",5.3
Business Analyst,"tableau, requirement gathering, data visualization",1.1
HR,"employee relations, onboarding, hr policies, recruitment, talent acquisition",13.3
DevOps Engineer,"docker, aws, ci/cd, kubernetes",3.8
QA Engineer,"postman, manual testing, pytest",1.2
Sales,"lead generation, cold calling, closing deals, crm, algorithms",5.6
QA Engineer,"postman, performance testing, pytest, test cases",0
Data Scientist,"pandas, tensorflow, sql, keras",4.6
Software Engineer,"algorithms, git, rest, react",6.6
Software Engineer,"react, docker, nodejs, git, java",2.9
DevOps Engineer,"docker, ansible, terraform, linux",5.2
Sales,"salesforce, account management, closing deals, cold calling",5.9
Business Analyst,"excel, reporting, tableau, sql, powerbi, data visualization, interviewing",2.1
QA Engineer,"test cases, selenium, performance testing",3.9
DevOps Engineer,"terraform, ansible, aws, bash, monitoring, linux",8.1
Marketing,"google ads, seo, analytics, email marketing",4.1
Sales,"crm, salesforce, lead generation, account management, employee relations",1.7
HR,"hr policies, recruitment, onboarding",4.5
Marketing,"google ads, content, email marketing, campaign, analytics, seo",0
QA Engineer,"postman, manual testing, selenium, pytest, test cases",3.6
UI/UX Designer,"wireframing, css, prototyping, campaign",5.4
Marketing,"seo, social media, email marketing, reporting",8.2
HR,"hr policies, onboarding, recruitment, employee relations, interviewing",5
QA Engineer,"manual testing, test cases, postman, bug tracking",5.6
Sales,"crm, lead generation, account management, salesforce, linux",3.4
UI/UX Designer,"usability testing, adobe xd, html, wireframing",2.9
UI/UX Designer,"responsive design, user research, prototyping, adobe xd, figma, automation",0
HR,"payroll, interviewing, recruitment, onboarding, talent acquisition, hr policies",5.3
Marketing,"branding, content, campaign, stakeholder",1.6
HR,"talent acquisition, hr policies, payroll, recruitment, scikit-learn",8.1
UI/UX Designer,"usability testing, html, responsive design, figma, css",1.9
DevOps Engineer,"jenkins, aws, ansible, selenium",1.7
QA Engineer,"selenium, postman, performance testing, test cases, manual testing, automation, rest",5.7
Product Manager,"wireframing, stakeholder, communication, roadmap",0
HR,"employee relations, onboarding, hr policies, recruitment, interviewing",12.2
DevOps Engineer,"linux, jenkins, ansible, terraform, bash",7.1
Business Analyst,"sql, powerbi, tableau, stakeholder, requirement gathering, excel",2.9
DevOps Engineer,"jenkins, linux, aws, docker, ci/cd, sql",0
UI/UX Designer,"usability testing, adobe xd, user research, figma, html, prototyping",4.5
UI/UX Designer,"css, figma, wireframing, adobe xd, user research, usability testing, campaign",3
HR,"hr policies, talent acquisition, interviewing, payroll, employee relations, google ads",4
Data Scientist,"nlp, r, statistics, numpy, pandas, excel",1.1
Product Manager,"sql, stakeholder, analytics, user research, roadmap, agile",5.3
Sales,"crm, account management, salesforce, closing deals",4.3
UI/UX Designer,"html, responsive design, css, wireframing, prototyping",7.6
Software Engineer,"algorithms, c++, rest, data structures, git",5.4
Software Engineer,"data structures, sql, react, java, rest, git",2
UI/UX Designer,"user research, responsive design, css",1.6
Business Analyst,"requirement gathering, tableau, sql",8.8
DevOps Engineer,"terraform, monitoring, ansible, ci/cd",3.8
Data Scientist,"nlp, ml, r",6.9
QA Engineer,"performance testing, postman, manual testing, test cases, pytest, pricing",0.5
Marketing,"content, branding, social media, campaign",1.1
DevOps Engineer,"terraform, monitoring, ci/cd",5.1
DevOps Engineer,"bash, monitoring, terraform, ansible, jenkins",7.9
Marketing,"google ads, social media, email marketing, analytics",5.6
Data Scientist,"scikit-learn, nlp, sql, statistics, r",5
HR,"hr policies, employee relations, talent acquisition, recruitment, payroll, onboarding",3.8
QA Engineer,"automation, test cases, selenium, performance testing, pytest, postman",6.7
Product Manager,"analytics, communication, wireframing, ml",8.9
QA Engineer,"automation, manual testing, postman, selenium, performance testing, test cases",2.2
HR,"hr policies, interviewing, payroll, talent acquisition, recruitment",12.2
Business Analyst,"tableau, stakeholder, reporting, excel",4.9
Product Manager,"roadmap, sql, communication, wireframing, pricing",2.9
Data Scientist,"deep learning, python, ml",0
HR,"interviewing, talent acquisition, hr policies, onboarding, recruitment",2.8
Marketing,"campaign, content, social media, email marketing",1.5
Data Scientist,"keras, pandas, statistics, tensorflow, r, python",3.8
DevOps Engineer,"terraform, ansible, jenkins, aws, linux, bash, closing deals",8.9
UI/UX Designer,"css, html, responsive design, usability testing, user research, wireframing",4.3
Product Manager,"agile, stakeholder, communication, user research, wireframing",2.8
QA Engineer,"manual testing, selenium, pytest, bug tracking, performance testing, postman",3.5
QA Engineer,"manual testing, selenium, test cases, postman",2.7
Business Analyst,"reporting, powerbi, requirement gathering, stakeholder, sql, tableau",5
Software Engineer,"docker, sql, react, rest, java",1.8
DevOps Engineer,"terraform, ci/cd, bash, kubernetes",11.8
Software Engineer,"python, algorithms, microservices, react, email marketing",8.9
Sales,"cold calling, salesforce, crm, lead generation, closing deals, account management",2.2
Business Analyst,"data visualization, powerbi, tableau",7.3
Marketing,"email marketing, seo, campaign, content",8.2
Data Scientist,"tensorflow, numpy, python, r",8.8
Sales,"salesforce, account management, cold calling",4
HR,"onboarding, hr policies, talent acquisition, employee relations, recruitment",5.3
Business Analyst,"requirement gathering, stakeholder, reporting, tableau, sql",2.6
